{
    "label": {
        "de": "SatagMd5Osc",
        "en": "SatagMd5Osc"
    },
    "copyright": "(c) by satware AG",
    "license": "proprietary",
    "link": "https://www.satware.com",
    "author": "satware AG",

    "currentVersion": "1.0.0",

    "changelog": {
        "de": {
            "1.0.0": "Erstveröffentlichung"
        },
        "en": {
            "1.0.0": "First release"
        }
    },

    "compatibility": {
        "minimumVersion": "4.3.0",
        "maximumVersion": null,
        "blacklist": [
        ]
    }
}