{
    "label": {
        "de": "osCommerce MD5 Passworte",
        "en": "osCommerce MD5 Passwords"
    },
    "copyright": "(c) by satware AG",
    "license": "MIT",
    "link": "https://www.satware.com",
    "author": "satware AG, Michael Wegener",

    "currentVersion": "1.0.0",

    "changelog": {
        "de": {
            "1.0.0": "Erstveröffentlichung"
        },
        "en": {
            "1.0.0": "Initial release"
        }
    },

    "compatibility": {
        "minimumVersion": "4.3.0",
        "maximumVersion": null,
        "blacklist": [
        ]
    }
}